{
  "target": "target_readmission_event",
  "rows": 246,
  "train_rows": 184,
  "test_rows": 62,
  "class_counts": {
    "0": 225,
    "1": 21
  },
  "accuracy": 0.8064516129032258,
  "roc_auc": 0.8701754385964913,
  "classification_report": {
    "0": {
      "precision": 0.9591836734693877,
      "recall": 0.8245614035087719,
      "f1-score": 0.8867924528301887,
      "support": 57.0
    },
    "1": {
      "precision": 0.23076923076923078,
      "recall": 0.6,
      "f1-score": 0.3333333333333333,
      "support": 5.0
    },
    "accuracy": 0.8064516129032258,
    "macro avg": {
      "precision": 0.5949764521193093,
      "recall": 0.712280701754386,
      "f1-score": 0.610062893081761,
      "support": 62.0
    },
    "weighted avg": {
      "precision": 0.9004405732516331,
      "recall": 0.8064516129032258,
      "f1-score": 0.8421586528707649,
      "support": 62.0
    }
  },
  "confusion_matrix": [
    [
      47,
      10
    ],
    [
      2,
      3
    ]
  ],
  "numeric_features": [
    "news2_last",
    "news2_average_7d",
    "news2_delta_7d",
    "respiratory_rate",
    "oxygen_saturation",
    "oxygen_support_flag",
    "systolic_bp",
    "heart_rate",
    "consciousness_flag",
    "temperature",
    "completeness",
    "aura_alerted_flag",
    "acute_decompensation_flag",
    "triage_score"
  ],
  "categorical_features": [
    "unit",
    "care_line",
    "triage_band"
  ],
  "dropped_features": [
    "age"
  ]
}