{
  "target": "target_effective_intervention",
  "rows": 246,
  "train_rows": 184,
  "test_rows": 62,
  "class_counts": {
    "0": 150,
    "1": 96
  },
  "accuracy": 0.5645161290322581,
  "roc_auc": 0.6173245614035088,
  "classification_report": {
    "0": {
      "precision": 0.6410256410256411,
      "recall": 0.6578947368421053,
      "f1-score": 0.6493506493506493,
      "support": 38.0
    },
    "1": {
      "precision": 0.43478260869565216,
      "recall": 0.4166666666666667,
      "f1-score": 0.425531914893617,
      "support": 24.0
    },
    "accuracy": 0.5645161290322581,
    "macro avg": {
      "precision": 0.5379041248606466,
      "recall": 0.537280701754386,
      "f1-score": 0.5374412821221332,
      "support": 62.0
    },
    "weighted avg": {
      "precision": 0.5611896285108067,
      "recall": 0.5645161290322581,
      "f1-score": 0.5627111392382497,
      "support": 62.0
    }
  },
  "confusion_matrix": [
    [
      25,
      13
    ],
    [
      14,
      10
    ]
  ],
  "numeric_features": [
    "news2_last",
    "news2_average_7d",
    "news2_delta_7d",
    "respiratory_rate",
    "oxygen_saturation",
    "oxygen_support_flag",
    "systolic_bp",
    "heart_rate",
    "consciousness_flag",
    "temperature",
    "completeness",
    "aura_alerted_flag",
    "acute_decompensation_flag",
    "triage_score"
  ],
  "categorical_features": [
    "unit",
    "care_line",
    "triage_band"
  ],
  "dropped_features": [
    "age"
  ]
}